<?xml version="1.0" encoding="UTF-8"?>
<xs:schema xmlns:xs="http://www.w3.org/2001/XMLSchema">
    <xs:element name="response">
        <xs:complexType>
            <xs:sequence>
                <xs:element name="status">
                    <xs:complexType>
                        <xs:sequence>
                            <xs:element type="xs:string" name="code"/>
                            <xs:element type="xs:string" name="message"/>
                        </xs:sequence>
                    </xs:complexType>
                </xs:element>
                <xs:element name="params">
                    <xs:complexType>
                        <xs:sequence>
                            <xs:element type="xs:string" name="login"/>
                            <xs:element type="xs:string" name="password"/>
                        </xs:sequence>
                    </xs:complexType>
                </xs:element>
                <xs:element name="data">
                    <xs:complexType>
                        <xs:sequence>
                            <xs:element type="xs:string" name="access_id"/>
                            <xs:element type="xs:string" name="secret_key"/>
                            <xs:element type="xs:integer" name="user_id"/>
                            <xs:element type="xs:integer" name="employee_id"/>
                        </xs:sequence>
                    </xs:complexType>
                </xs:element>
            </xs:sequence>
        </xs:complexType>
    </xs:element>
</xs:schema>